{"alpha": 0.5435262941472829, "Theta": [[0.6320455479547951, 0.0, 0.3679666192790996], [3.305478345647025e-19, 0.34704417104406476, 0.10101812291253173], [0.367954452045205, 0.36796634960157193, 0.0], [2.014247652863601e-24, 0.28498947935436336, 0.5310152578083687]], "ThetaB": [0.11425783539848473, 0.18728085797008315, 5.618355764359263e-06, 0.6984556882756677]}