{"alpha": 0.5, "Theta": [[0.3943902604822972, 0.10742301315184109, 0.1662577805182719], [0.10628522300882476, 0.18125581345111202, 0.2825401055109477], [0.2514555341323866, 0.29515834649155226, 0.13541883941746688], [0.24786898237649158, 0.4161628269054947, 0.4157832745533136]], "ThetaB": [0.2308444749340499, 0.26812058459956284, 0.25005991912907133, 0.250975021337316]}