{"alpha": 0.6666649396899169, "Theta": [[0.0, 0.4999987292897599, 0.0], [0.0, 0.0, 0.5000012707102399], [0.4999987292897599, 0.5000012707102399, 4.535907575695465e-17], [0.50000127071024, 4.535907575695465e-17, 0.4999987292897599]], "ThetaB": [1.7106174778500259e-06, 1.6350324703783276e-08, 0.33333333333333337, 0.6666649396988641]}