{"alpha": 0.5, "Theta": [[0.38105446760803563, 0.059729845987423216, 0.11518844612639831], [0.1311892731145534, 0.24646724299558764, 0.3051166783198999], [0.2393371436011596, 0.28750145325473914, 0.13610739422803542], [0.24841911567625144, 0.4063014577622501, 0.44358748132566633]], "ThetaB": [0.26848697382433423, 0.21916230292486436, 0.2434535200256398, 0.26889720322516164]}