{"alpha": 0.5, "Theta": [[0.3978390429855754, 0.10874749514655728, 0.16786069110903476], [0.1155432645960694, 0.19080047315214058, 0.2932145632173654], [0.2565147386536951, 0.3003450206370682, 0.13932330160795822], [0.23010295376466022, 0.4001070110642341, 0.39960144406564174]], "ThetaB": [0.22871511430603775, 0.2582434905387424, 0.2453305540699366, 0.26771084108528315]}