{"w": 3, "init": "random", "real_alpha": 0.5, "dtv": 0.04349389869954929, "random_dtv_min": 0.04349389869954929, "random_dtv_avg": 0.04349389869954929, "random_no_iterations": 1}